﻿{"cameraMode":{"drawMode":0,"name":"Shaded","section":"Shading Mode"},"sceneLighting":false,"audioPlay":false,"sceneViewState":{"showFog":true,"showMaterialUpdate":false,"showSkybox":true,"showFlares":true,"showImageEffects":true,"showParticleSystems":true},"in2DMode":false,"pivot":{"x":-0.0000057220458984375,"y":0.0,"z":0.0000057220458984375},"rotation":{"x":-0.12239840626716614,"y":0.7190231680870056,"z":-0.13107025623321534,"w":-0.6714498400688171},"size":74.67044067382813,"orthographic":false}