﻿{"cameraMode":{"drawMode":0,"name":"Shaded","section":"Shading Mode"},"sceneLighting":false,"audioPlay":false,"sceneViewState":{"showFog":true,"showMaterialUpdate":false,"showSkybox":true,"showFlares":true,"showImageEffects":true,"showParticleSystems":true},"in2DMode":false,"pivot":{"x":1.3432058095932007,"y":0.24994662404060365,"z":3.1135990619659426},"rotation":{"x":-0.19028836488723756,"y":0.42827165126800539,"z":-0.09276558458805084,"w":-0.8785035014152527},"size":0.8573653101921082,"orthographic":false}