﻿{"cameraMode":{"drawMode":0,"name":"Shaded","section":"Shading Mode"},"sceneLighting":true,"audioPlay":false,"sceneViewState":{"showFog":true,"showMaterialUpdate":false,"showSkybox":true,"showFlares":true,"showImageEffects":true,"showParticleSystems":true},"in2DMode":false,"pivot":{"x":-0.06000000238418579,"y":0.684999942779541,"z":3.7975001335144045},"rotation":{"x":-0.009690603241324425,"y":0.8994362950325012,"z":-0.4364878237247467,"w":-0.019968921318650247},"size":3.038252353668213,"orthographic":false}